user0;user0@example.com;test123
user1;user1@example.com;test123
user2;user2@example.com;test123
user3;user3@example.com;test123
user4;user4@example.com;test123
user5;user5@example.com;test123
user6;user6@example.com;test123
user7;user7@example.com;test123
user8;user8@example.com;test123
user9;user9@example.com;test123
user10;user10@example.com;test123
user11;user11@example.com;test123
user12;user12@example.com;test123
user13;user13@example.com;test123
user14;user14@example.com;test123
user15;user15@example.com;test123
user16;user16@example.com;test123
user17;user17@example.com;test123
user18;user18@example.com;test123
user19;user19@example.com;test123
user20;user20@example.com;test123
user21;user21@example.com;test123
user22;user22@example.com;test123
user23;user23@example.com;test123
user24;user24@example.com;test123
user25;user25@example.com;test123
user26;user26@example.com;test123
user27;user27@example.com;test123
user28;user28@example.com;test123
user29;user29@example.com;test123
user30;user30@example.com;test123
user31;user31@example.com;test123
user32;user32@example.com;test123
user33;user33@example.com;test123
user34;user34@example.com;test123
user35;user35@example.com;test123
user36;user36@example.com;test123
user37;user37@example.com;test123
user38;user38@example.com;test123
user39;user39@example.com;test123
user40;user40@example.com;test123
user41;user41@example.com;test123
user42;user42@example.com;test123
user43;user43@example.com;test123
user44;user44@example.com;test123
user45;user45@example.com;test123
user46;user46@example.com;test123
user47;user47@example.com;test123
user48;user48@example.com;test123
user49;user49@example.com;test123
user50;user50@example.com;test123
user51;user51@example.com;test123
user52;user52@example.com;test123
user53;user53@example.com;test123
user54;user54@example.com;test123
user55;user55@example.com;test123
user56;user56@example.com;test123
user57;user57@example.com;test123
user58;user58@example.com;test123
user59;user59@example.com;test123
user60;user60@example.com;test123
user61;user61@example.com;test123
user62;user62@example.com;test123
user63;user63@example.com;test123
user64;user64@example.com;test123
user65;user65@example.com;test123
user66;user66@example.com;test123
user67;user67@example.com;test123
user68;user68@example.com;test123
user69;user69@example.com;test123
user70;user70@example.com;test123
user71;user71@example.com;test123
user72;user72@example.com;test123
user73;user73@example.com;test123
user74;user74@example.com;test123
user75;user75@example.com;test123
user76;user76@example.com;test123
user77;user77@example.com;test123
user78;user78@example.com;test123
user79;user79@example.com;test123
user80;user80@example.com;test123
user81;user81@example.com;test123
user82;user82@example.com;test123
user83;user83@example.com;test123
user84;user84@example.com;test123
user85;user85@example.com;test123
user86;user86@example.com;test123
user87;user87@example.com;test123
user88;user88@example.com;test123
user89;user89@example.com;test123
user90;user90@example.com;test123
user91;user91@example.com;test123
user92;user92@example.com;test123
user93;user93@example.com;test123
user94;user94@example.com;test123
user95;user95@example.com;test123
user96;user96@example.com;test123
user97;user97@example.com;test123
user98;user98@example.com;test123
user99;user99@example.com;test123
user100;user100@example.com;test123
user101;user101@example.com;test123
user102;user102@example.com;test123
user103;user103@example.com;test123
user104;user104@example.com;test123
user105;user105@example.com;test123
user106;user106@example.com;test123
user107;user107@example.com;test123
user108;user108@example.com;test123
user109;user109@example.com;test123
user110;user110@example.com;test123
user111;user111@example.com;test123
user112;user112@example.com;test123
user113;user113@example.com;test123
user114;user114@example.com;test123
user115;user115@example.com;test123
user116;user116@example.com;test123
user117;user117@example.com;test123
user118;user118@example.com;test123
user119;user119@example.com;test123
user120;user120@example.com;test123
user121;user121@example.com;test123
user122;user122@example.com;test123
user123;user123@example.com;test123
user124;user124@example.com;test123
user125;user125@example.com;test123
user126;user126@example.com;test123
user127;user127@example.com;test123
user128;user128@example.com;test123
user129;user129@example.com;test123
user130;user130@example.com;test123
user131;user131@example.com;test123
user132;user132@example.com;test123
user133;user133@example.com;test123
user134;user134@example.com;test123
user135;user135@example.com;test123
user136;user136@example.com;test123
user137;user137@example.com;test123
user138;user138@example.com;test123
user139;user139@example.com;test123
user140;user140@example.com;test123
user141;user141@example.com;test123
user142;user142@example.com;test123
user143;user143@example.com;test123
user144;user144@example.com;test123
user145;user145@example.com;test123
user146;user146@example.com;test123
user147;user147@example.com;test123
user148;user148@example.com;test123
user149;user149@example.com;test123
user150;user150@example.com;test123
user151;user151@example.com;test123
user152;user152@example.com;test123
user153;user153@example.com;test123
user154;user154@example.com;test123
user155;user155@example.com;test123
user156;user156@example.com;test123
user157;user157@example.com;test123
user158;user158@example.com;test123
user159;user159@example.com;test123
user160;user160@example.com;test123
user161;user161@example.com;test123
user162;user162@example.com;test123
user163;user163@example.com;test123
user164;user164@example.com;test123
user165;user165@example.com;test123
user166;user166@example.com;test123
user167;user167@example.com;test123
user168;user168@example.com;test123
user169;user169@example.com;test123
user170;user170@example.com;test123
user171;user171@example.com;test123
user172;user172@example.com;test123
user173;user173@example.com;test123
user174;user174@example.com;test123
user175;user175@example.com;test123
user176;user176@example.com;test123
user177;user177@example.com;test123
user178;user178@example.com;test123
user179;user179@example.com;test123
user180;user180@example.com;test123
user181;user181@example.com;test123
user182;user182@example.com;test123
user183;user183@example.com;test123
user184;user184@example.com;test123
user185;user185@example.com;test123
user186;user186@example.com;test123
user187;user187@example.com;test123
user188;user188@example.com;test123
user189;user189@example.com;test123
user190;user190@example.com;test123
user191;user191@example.com;test123
user192;user192@example.com;test123
user193;user193@example.com;test123
user194;user194@example.com;test123
user195;user195@example.com;test123
user196;user196@example.com;test123
user197;user197@example.com;test123
user198;user198@example.com;test123
user199;user199@example.com;test123
user200;user200@example.com;test123
user201;user201@example.com;test123
user202;user202@example.com;test123
user203;user203@example.com;test123
user204;user204@example.com;test123
user205;user205@example.com;test123
user206;user206@example.com;test123
user207;user207@example.com;test123
user208;user208@example.com;test123
user209;user209@example.com;test123
user210;user210@example.com;test123
user211;user211@example.com;test123
user212;user212@example.com;test123
user213;user213@example.com;test123
user214;user214@example.com;test123
user215;user215@example.com;test123
user216;user216@example.com;test123
user217;user217@example.com;test123
user218;user218@example.com;test123
user219;user219@example.com;test123
user220;user220@example.com;test123
user221;user221@example.com;test123
user222;user222@example.com;test123
user223;user223@example.com;test123
user224;user224@example.com;test123
user225;user225@example.com;test123
user226;user226@example.com;test123
user227;user227@example.com;test123
user228;user228@example.com;test123
user229;user229@example.com;test123
user230;user230@example.com;test123
user231;user231@example.com;test123
user232;user232@example.com;test123
user233;user233@example.com;test123
user234;user234@example.com;test123
user235;user235@example.com;test123
user236;user236@example.com;test123
user237;user237@example.com;test123
user238;user238@example.com;test123
user239;user239@example.com;test123
user240;user240@example.com;test123
user241;user241@example.com;test123
user242;user242@example.com;test123
user243;user243@example.com;test123
user244;user244@example.com;test123
user245;user245@example.com;test123
user246;user246@example.com;test123
user247;user247@example.com;test123
user248;user248@example.com;test123
user249;user249@example.com;test123
user250;user250@example.com;test123
user251;user251@example.com;test123
user252;user252@example.com;test123
user253;user253@example.com;test123
user254;user254@example.com;test123
user255;user255@example.com;test123
user256;user256@example.com;test123
user257;user257@example.com;test123
user258;user258@example.com;test123
user259;user259@example.com;test123
user260;user260@example.com;test123
user261;user261@example.com;test123
user262;user262@example.com;test123
user263;user263@example.com;test123
user264;user264@example.com;test123
user265;user265@example.com;test123
user266;user266@example.com;test123
user267;user267@example.com;test123
user268;user268@example.com;test123
user269;user269@example.com;test123
user270;user270@example.com;test123
user271;user271@example.com;test123
user272;user272@example.com;test123
user273;user273@example.com;test123
user274;user274@example.com;test123
user275;user275@example.com;test123
user276;user276@example.com;test123
user277;user277@example.com;test123
user278;user278@example.com;test123
user279;user279@example.com;test123
user280;user280@example.com;test123
user281;user281@example.com;test123
user282;user282@example.com;test123
user283;user283@example.com;test123
user284;user284@example.com;test123
user285;user285@example.com;test123
user286;user286@example.com;test123
user287;user287@example.com;test123
user288;user288@example.com;test123
user289;user289@example.com;test123
user290;user290@example.com;test123
user291;user291@example.com;test123
user292;user292@example.com;test123
user293;user293@example.com;test123
user294;user294@example.com;test123
user295;user295@example.com;test123
user296;user296@example.com;test123
user297;user297@example.com;test123
user298;user298@example.com;test123
user299;user299@example.com;test123
user300;user300@example.com;test123
user301;user301@example.com;test123
user302;user302@example.com;test123
user303;user303@example.com;test123
user304;user304@example.com;test123
user305;user305@example.com;test123
user306;user306@example.com;test123
user307;user307@example.com;test123
user308;user308@example.com;test123
user309;user309@example.com;test123
user310;user310@example.com;test123
user311;user311@example.com;test123
user312;user312@example.com;test123
user313;user313@example.com;test123
user314;user314@example.com;test123
user315;user315@example.com;test123
user316;user316@example.com;test123
user317;user317@example.com;test123
user318;user318@example.com;test123
user319;user319@example.com;test123
user320;user320@example.com;test123
user321;user321@example.com;test123
user322;user322@example.com;test123
user323;user323@example.com;test123
user324;user324@example.com;test123
user325;user325@example.com;test123
user326;user326@example.com;test123
user327;user327@example.com;test123
user328;user328@example.com;test123
user329;user329@example.com;test123
user330;user330@example.com;test123
user331;user331@example.com;test123
user332;user332@example.com;test123
user333;user333@example.com;test123
user334;user334@example.com;test123
user335;user335@example.com;test123
user336;user336@example.com;test123
user337;user337@example.com;test123
user338;user338@example.com;test123
user339;user339@example.com;test123
user340;user340@example.com;test123
user341;user341@example.com;test123
user342;user342@example.com;test123
user343;user343@example.com;test123
user344;user344@example.com;test123
user345;user345@example.com;test123
user346;user346@example.com;test123
user347;user347@example.com;test123
user348;user348@example.com;test123
user349;user349@example.com;test123
user350;user350@example.com;test123
user351;user351@example.com;test123
user352;user352@example.com;test123
user353;user353@example.com;test123
user354;user354@example.com;test123
user355;user355@example.com;test123
user356;user356@example.com;test123
user357;user357@example.com;test123
user358;user358@example.com;test123
user359;user359@example.com;test123
user360;user360@example.com;test123
user361;user361@example.com;test123
user362;user362@example.com;test123
user363;user363@example.com;test123
user364;user364@example.com;test123
user365;user365@example.com;test123
user366;user366@example.com;test123
user367;user367@example.com;test123
user368;user368@example.com;test123
user369;user369@example.com;test123
user370;user370@example.com;test123
user371;user371@example.com;test123
user372;user372@example.com;test123
user373;user373@example.com;test123
user374;user374@example.com;test123
user375;user375@example.com;test123
user376;user376@example.com;test123
user377;user377@example.com;test123
user378;user378@example.com;test123
user379;user379@example.com;test123
user380;user380@example.com;test123
user381;user381@example.com;test123
user382;user382@example.com;test123
user383;user383@example.com;test123
user384;user384@example.com;test123
user385;user385@example.com;test123
user386;user386@example.com;test123
user387;user387@example.com;test123
user388;user388@example.com;test123
user389;user389@example.com;test123
user390;user390@example.com;test123
user391;user391@example.com;test123
user392;user392@example.com;test123
user393;user393@example.com;test123
user394;user394@example.com;test123
user395;user395@example.com;test123
user396;user396@example.com;test123
user397;user397@example.com;test123
user398;user398@example.com;test123
user399;user399@example.com;test123
user400;user400@example.com;test123
user401;user401@example.com;test123
user402;user402@example.com;test123
user403;user403@example.com;test123
user404;user404@example.com;test123
user405;user405@example.com;test123
user406;user406@example.com;test123
user407;user407@example.com;test123
user408;user408@example.com;test123
user409;user409@example.com;test123
user410;user410@example.com;test123
user411;user411@example.com;test123
user412;user412@example.com;test123
user413;user413@example.com;test123
user414;user414@example.com;test123
user415;user415@example.com;test123
user416;user416@example.com;test123
user417;user417@example.com;test123
user418;user418@example.com;test123
user419;user419@example.com;test123
user420;user420@example.com;test123
user421;user421@example.com;test123
user422;user422@example.com;test123
user423;user423@example.com;test123
user424;user424@example.com;test123
user425;user425@example.com;test123
user426;user426@example.com;test123
user427;user427@example.com;test123
user428;user428@example.com;test123
user429;user429@example.com;test123
user430;user430@example.com;test123
user431;user431@example.com;test123
user432;user432@example.com;test123
user433;user433@example.com;test123
user434;user434@example.com;test123
user435;user435@example.com;test123
user436;user436@example.com;test123
user437;user437@example.com;test123
user438;user438@example.com;test123
user439;user439@example.com;test123
user440;user440@example.com;test123
user441;user441@example.com;test123
user442;user442@example.com;test123
user443;user443@example.com;test123
user444;user444@example.com;test123
user445;user445@example.com;test123
user446;user446@example.com;test123
user447;user447@example.com;test123
user448;user448@example.com;test123
user449;user449@example.com;test123
user450;user450@example.com;test123
user451;user451@example.com;test123
user452;user452@example.com;test123
user453;user453@example.com;test123
user454;user454@example.com;test123
user455;user455@example.com;test123
user456;user456@example.com;test123
user457;user457@example.com;test123
user458;user458@example.com;test123
user459;user459@example.com;test123
user460;user460@example.com;test123
user461;user461@example.com;test123
user462;user462@example.com;test123
user463;user463@example.com;test123
user464;user464@example.com;test123
user465;user465@example.com;test123
user466;user466@example.com;test123
user467;user467@example.com;test123
user468;user468@example.com;test123
user469;user469@example.com;test123
user470;user470@example.com;test123
user471;user471@example.com;test123
user472;user472@example.com;test123
user473;user473@example.com;test123
user474;user474@example.com;test123
user475;user475@example.com;test123
user476;user476@example.com;test123
user477;user477@example.com;test123
user478;user478@example.com;test123
user479;user479@example.com;test123
user480;user480@example.com;test123
user481;user481@example.com;test123
user482;user482@example.com;test123
user483;user483@example.com;test123
user484;user484@example.com;test123
user485;user485@example.com;test123
user486;user486@example.com;test123
user487;user487@example.com;test123
user488;user488@example.com;test123
user489;user489@example.com;test123
user490;user490@example.com;test123
user491;user491@example.com;test123
user492;user492@example.com;test123
user493;user493@example.com;test123
user494;user494@example.com;test123
user495;user495@example.com;test123
user496;user496@example.com;test123
user497;user497@example.com;test123
user498;user498@example.com;test123
user499;user499@example.com;test123
user500;user500@example.com;test123
user501;user501@example.com;test123
user502;user502@example.com;test123
user503;user503@example.com;test123
user504;user504@example.com;test123
user505;user505@example.com;test123
user506;user506@example.com;test123
user507;user507@example.com;test123
user508;user508@example.com;test123
user509;user509@example.com;test123
user510;user510@example.com;test123
user511;user511@example.com;test123
user512;user512@example.com;test123
user513;user513@example.com;test123
user514;user514@example.com;test123
user515;user515@example.com;test123
user516;user516@example.com;test123
user517;user517@example.com;test123
user518;user518@example.com;test123
user519;user519@example.com;test123
user520;user520@example.com;test123
user521;user521@example.com;test123
user522;user522@example.com;test123
user523;user523@example.com;test123
user524;user524@example.com;test123
user525;user525@example.com;test123
user526;user526@example.com;test123
user527;user527@example.com;test123
user528;user528@example.com;test123
user529;user529@example.com;test123
user530;user530@example.com;test123
user531;user531@example.com;test123
user532;user532@example.com;test123
user533;user533@example.com;test123
user534;user534@example.com;test123
user535;user535@example.com;test123
user536;user536@example.com;test123
user537;user537@example.com;test123
user538;user538@example.com;test123
user539;user539@example.com;test123
user540;user540@example.com;test123
user541;user541@example.com;test123
user542;user542@example.com;test123
user543;user543@example.com;test123
user544;user544@example.com;test123
user545;user545@example.com;test123
user546;user546@example.com;test123
user547;user547@example.com;test123
user548;user548@example.com;test123
user549;user549@example.com;test123
user550;user550@example.com;test123
user551;user551@example.com;test123
user552;user552@example.com;test123
user553;user553@example.com;test123
user554;user554@example.com;test123
user555;user555@example.com;test123
user556;user556@example.com;test123
user557;user557@example.com;test123
user558;user558@example.com;test123
user559;user559@example.com;test123
user560;user560@example.com;test123
user561;user561@example.com;test123
user562;user562@example.com;test123
user563;user563@example.com;test123
user564;user564@example.com;test123
user565;user565@example.com;test123
user566;user566@example.com;test123
user567;user567@example.com;test123
user568;user568@example.com;test123
user569;user569@example.com;test123
user570;user570@example.com;test123
user571;user571@example.com;test123
user572;user572@example.com;test123
user573;user573@example.com;test123
user574;user574@example.com;test123
user575;user575@example.com;test123
user576;user576@example.com;test123
user577;user577@example.com;test123
user578;user578@example.com;test123
user579;user579@example.com;test123
user580;user580@example.com;test123
user581;user581@example.com;test123
user582;user582@example.com;test123
user583;user583@example.com;test123
user584;user584@example.com;test123
user585;user585@example.com;test123
user586;user586@example.com;test123
user587;user587@example.com;test123
user588;user588@example.com;test123
user589;user589@example.com;test123
user590;user590@example.com;test123
user591;user591@example.com;test123
user592;user592@example.com;test123
user593;user593@example.com;test123
user594;user594@example.com;test123
user595;user595@example.com;test123
user596;user596@example.com;test123
user597;user597@example.com;test123
user598;user598@example.com;test123
user599;user599@example.com;test123
user600;user600@example.com;test123
user601;user601@example.com;test123
user602;user602@example.com;test123
user603;user603@example.com;test123
user604;user604@example.com;test123
user605;user605@example.com;test123
user606;user606@example.com;test123
user607;user607@example.com;test123
user608;user608@example.com;test123
user609;user609@example.com;test123
user610;user610@example.com;test123
user611;user611@example.com;test123
user612;user612@example.com;test123
user613;user613@example.com;test123
user614;user614@example.com;test123
user615;user615@example.com;test123
user616;user616@example.com;test123
user617;user617@example.com;test123
user618;user618@example.com;test123
user619;user619@example.com;test123
user620;user620@example.com;test123
user621;user621@example.com;test123
user622;user622@example.com;test123
user623;user623@example.com;test123
user624;user624@example.com;test123
user625;user625@example.com;test123
user626;user626@example.com;test123
user627;user627@example.com;test123
user628;user628@example.com;test123
user629;user629@example.com;test123
user630;user630@example.com;test123
user631;user631@example.com;test123
user632;user632@example.com;test123
user633;user633@example.com;test123
user634;user634@example.com;test123
user635;user635@example.com;test123
user636;user636@example.com;test123
user637;user637@example.com;test123
user638;user638@example.com;test123
user639;user639@example.com;test123
user640;user640@example.com;test123
user641;user641@example.com;test123
user642;user642@example.com;test123
user643;user643@example.com;test123
user644;user644@example.com;test123
user645;user645@example.com;test123
user646;user646@example.com;test123
user647;user647@example.com;test123
user648;user648@example.com;test123
user649;user649@example.com;test123
user650;user650@example.com;test123
user651;user651@example.com;test123
user652;user652@example.com;test123
user653;user653@example.com;test123
user654;user654@example.com;test123
user655;user655@example.com;test123
user656;user656@example.com;test123
user657;user657@example.com;test123
user658;user658@example.com;test123
user659;user659@example.com;test123
user660;user660@example.com;test123
user661;user661@example.com;test123
user662;user662@example.com;test123
user663;user663@example.com;test123
user664;user664@example.com;test123
user665;user665@example.com;test123
user666;user666@example.com;test123
user667;user667@example.com;test123
user668;user668@example.com;test123
user669;user669@example.com;test123
user670;user670@example.com;test123
user671;user671@example.com;test123
user672;user672@example.com;test123
user673;user673@example.com;test123
user674;user674@example.com;test123
user675;user675@example.com;test123
user676;user676@example.com;test123
user677;user677@example.com;test123
user678;user678@example.com;test123
user679;user679@example.com;test123
user680;user680@example.com;test123
user681;user681@example.com;test123
user682;user682@example.com;test123
user683;user683@example.com;test123
user684;user684@example.com;test123
user685;user685@example.com;test123
user686;user686@example.com;test123
user687;user687@example.com;test123
user688;user688@example.com;test123
user689;user689@example.com;test123
user690;user690@example.com;test123
user691;user691@example.com;test123
user692;user692@example.com;test123
user693;user693@example.com;test123
user694;user694@example.com;test123
user695;user695@example.com;test123
user696;user696@example.com;test123
user697;user697@example.com;test123
user698;user698@example.com;test123
user699;user699@example.com;test123
user700;user700@example.com;test123
user701;user701@example.com;test123
user702;user702@example.com;test123
user703;user703@example.com;test123
user704;user704@example.com;test123
user705;user705@example.com;test123
user706;user706@example.com;test123
user707;user707@example.com;test123
user708;user708@example.com;test123
user709;user709@example.com;test123
user710;user710@example.com;test123
user711;user711@example.com;test123
user712;user712@example.com;test123
user713;user713@example.com;test123
user714;user714@example.com;test123
user715;user715@example.com;test123
user716;user716@example.com;test123
user717;user717@example.com;test123
user718;user718@example.com;test123
user719;user719@example.com;test123
user720;user720@example.com;test123
user721;user721@example.com;test123
user722;user722@example.com;test123
user723;user723@example.com;test123
user724;user724@example.com;test123
user725;user725@example.com;test123
user726;user726@example.com;test123
user727;user727@example.com;test123
user728;user728@example.com;test123
user729;user729@example.com;test123
user730;user730@example.com;test123
user731;user731@example.com;test123
user732;user732@example.com;test123
user733;user733@example.com;test123
user734;user734@example.com;test123
user735;user735@example.com;test123
user736;user736@example.com;test123
user737;user737@example.com;test123
user738;user738@example.com;test123
user739;user739@example.com;test123
user740;user740@example.com;test123
user741;user741@example.com;test123
user742;user742@example.com;test123
user743;user743@example.com;test123
user744;user744@example.com;test123
user745;user745@example.com;test123
user746;user746@example.com;test123
user747;user747@example.com;test123
user748;user748@example.com;test123
user749;user749@example.com;test123
user750;user750@example.com;test123
user751;user751@example.com;test123
user752;user752@example.com;test123
user753;user753@example.com;test123
user754;user754@example.com;test123
user755;user755@example.com;test123
user756;user756@example.com;test123
user757;user757@example.com;test123
user758;user758@example.com;test123
user759;user759@example.com;test123
user760;user760@example.com;test123
user761;user761@example.com;test123
user762;user762@example.com;test123
user763;user763@example.com;test123
user764;user764@example.com;test123
user765;user765@example.com;test123
user766;user766@example.com;test123
user767;user767@example.com;test123
user768;user768@example.com;test123
user769;user769@example.com;test123
user770;user770@example.com;test123
user771;user771@example.com;test123
user772;user772@example.com;test123
user773;user773@example.com;test123
user774;user774@example.com;test123
user775;user775@example.com;test123
user776;user776@example.com;test123
user777;user777@example.com;test123
user778;user778@example.com;test123
user779;user779@example.com;test123
user780;user780@example.com;test123
user781;user781@example.com;test123
user782;user782@example.com;test123
user783;user783@example.com;test123
user784;user784@example.com;test123
user785;user785@example.com;test123
user786;user786@example.com;test123
user787;user787@example.com;test123
user788;user788@example.com;test123
user789;user789@example.com;test123
user790;user790@example.com;test123
user791;user791@example.com;test123
user792;user792@example.com;test123
user793;user793@example.com;test123
user794;user794@example.com;test123
user795;user795@example.com;test123
user796;user796@example.com;test123
user797;user797@example.com;test123
user798;user798@example.com;test123
user799;user799@example.com;test123
user800;user800@example.com;test123
user801;user801@example.com;test123
user802;user802@example.com;test123
user803;user803@example.com;test123
user804;user804@example.com;test123
user805;user805@example.com;test123
user806;user806@example.com;test123
user807;user807@example.com;test123
user808;user808@example.com;test123
user809;user809@example.com;test123
user810;user810@example.com;test123
user811;user811@example.com;test123
user812;user812@example.com;test123
user813;user813@example.com;test123
user814;user814@example.com;test123
user815;user815@example.com;test123
user816;user816@example.com;test123
user817;user817@example.com;test123
user818;user818@example.com;test123
user819;user819@example.com;test123
user820;user820@example.com;test123
user821;user821@example.com;test123
user822;user822@example.com;test123
user823;user823@example.com;test123
user824;user824@example.com;test123
user825;user825@example.com;test123
user826;user826@example.com;test123
user827;user827@example.com;test123
user828;user828@example.com;test123
user829;user829@example.com;test123
user830;user830@example.com;test123
user831;user831@example.com;test123
user832;user832@example.com;test123
user833;user833@example.com;test123
user834;user834@example.com;test123
user835;user835@example.com;test123
user836;user836@example.com;test123
user837;user837@example.com;test123
user838;user838@example.com;test123
user839;user839@example.com;test123
user840;user840@example.com;test123
user841;user841@example.com;test123
user842;user842@example.com;test123
user843;user843@example.com;test123
user844;user844@example.com;test123
user845;user845@example.com;test123
user846;user846@example.com;test123
user847;user847@example.com;test123
user848;user848@example.com;test123
user849;user849@example.com;test123
user850;user850@example.com;test123
user851;user851@example.com;test123
user852;user852@example.com;test123
user853;user853@example.com;test123
user854;user854@example.com;test123
user855;user855@example.com;test123
user856;user856@example.com;test123
user857;user857@example.com;test123
user858;user858@example.com;test123
user859;user859@example.com;test123
user860;user860@example.com;test123
user861;user861@example.com;test123
user862;user862@example.com;test123
user863;user863@example.com;test123
user864;user864@example.com;test123
user865;user865@example.com;test123
user866;user866@example.com;test123
user867;user867@example.com;test123
user868;user868@example.com;test123
user869;user869@example.com;test123
user870;user870@example.com;test123
user871;user871@example.com;test123
user872;user872@example.com;test123
user873;user873@example.com;test123
user874;user874@example.com;test123
user875;user875@example.com;test123
user876;user876@example.com;test123
user877;user877@example.com;test123
user878;user878@example.com;test123
user879;user879@example.com;test123
user880;user880@example.com;test123
user881;user881@example.com;test123
user882;user882@example.com;test123
user883;user883@example.com;test123
user884;user884@example.com;test123
user885;user885@example.com;test123
user886;user886@example.com;test123
user887;user887@example.com;test123
user888;user888@example.com;test123
user889;user889@example.com;test123
user890;user890@example.com;test123
user891;user891@example.com;test123
user892;user892@example.com;test123
user893;user893@example.com;test123
user894;user894@example.com;test123
user895;user895@example.com;test123
user896;user896@example.com;test123
user897;user897@example.com;test123
user898;user898@example.com;test123
user899;user899@example.com;test123
user900;user900@example.com;test123
user901;user901@example.com;test123
user902;user902@example.com;test123
user903;user903@example.com;test123
user904;user904@example.com;test123
user905;user905@example.com;test123
user906;user906@example.com;test123
user907;user907@example.com;test123
user908;user908@example.com;test123
user909;user909@example.com;test123
user910;user910@example.com;test123
user911;user911@example.com;test123
user912;user912@example.com;test123
user913;user913@example.com;test123
user914;user914@example.com;test123
user915;user915@example.com;test123
user916;user916@example.com;test123
user917;user917@example.com;test123
user918;user918@example.com;test123
user919;user919@example.com;test123
user920;user920@example.com;test123
user921;user921@example.com;test123
user922;user922@example.com;test123
user923;user923@example.com;test123
user924;user924@example.com;test123
user925;user925@example.com;test123
user926;user926@example.com;test123
user927;user927@example.com;test123
user928;user928@example.com;test123
user929;user929@example.com;test123
user930;user930@example.com;test123
user931;user931@example.com;test123
user932;user932@example.com;test123
user933;user933@example.com;test123
user934;user934@example.com;test123
user935;user935@example.com;test123
user936;user936@example.com;test123
user937;user937@example.com;test123
user938;user938@example.com;test123
user939;user939@example.com;test123
user940;user940@example.com;test123
user941;user941@example.com;test123
user942;user942@example.com;test123
user943;user943@example.com;test123
user944;user944@example.com;test123
user945;user945@example.com;test123
user946;user946@example.com;test123
user947;user947@example.com;test123
user948;user948@example.com;test123
user949;user949@example.com;test123
user950;user950@example.com;test123
user951;user951@example.com;test123
user952;user952@example.com;test123
user953;user953@example.com;test123
user954;user954@example.com;test123
user955;user955@example.com;test123
user956;user956@example.com;test123
user957;user957@example.com;test123
user958;user958@example.com;test123
user959;user959@example.com;test123
user960;user960@example.com;test123
user961;user961@example.com;test123
user962;user962@example.com;test123
user963;user963@example.com;test123
user964;user964@example.com;test123
user965;user965@example.com;test123
user966;user966@example.com;test123
user967;user967@example.com;test123
user968;user968@example.com;test123
user969;user969@example.com;test123
user970;user970@example.com;test123
user971;user971@example.com;test123
user972;user972@example.com;test123
user973;user973@example.com;test123
user974;user974@example.com;test123
user975;user975@example.com;test123
user976;user976@example.com;test123
user977;user977@example.com;test123
user978;user978@example.com;test123
user979;user979@example.com;test123
user980;user980@example.com;test123
user981;user981@example.com;test123
user982;user982@example.com;test123
user983;user983@example.com;test123
user984;user984@example.com;test123
user985;user985@example.com;test123
user986;user986@example.com;test123
user987;user987@example.com;test123
user988;user988@example.com;test123
user989;user989@example.com;test123
user990;user990@example.com;test123
user991;user991@example.com;test123
user992;user992@example.com;test123
user993;user993@example.com;test123
user994;user994@example.com;test123
user995;user995@example.com;test123
user996;user996@example.com;test123
user997;user997@example.com;test123
user998;user998@example.com;test123
user999;user999@example.com;test123
